CREATE DATABASE IF NOT EXISTS BIBLIOTECA; 
USE BIBLIOTECA; 

-- DROP DATABASE BIBLIOTECA;

-- ==============================
-- CREAR TABLAS
-- ==============================

-- EDITORIAL
CREATE TABLE IF NOT EXISTS EDITORIAL (
    ID_EDITORIAL VARCHAR(100) PRIMARY KEY,
    NOMBRE_EDITORIAL VARCHAR(100) NOT NULL,
    DIRECCION VARCHAR(200),
    TELEFONO VARCHAR(15),
    PAIS VARCHAR(100)
);

-- BIBLIOTECA
CREATE TABLE IF NOT EXISTS BIBLIOTECA (
    ID_BIBLIOTECA INT AUTO_INCREMENT PRIMARY KEY,
    NOMBRE VARCHAR(100) NOT NULL
);

-- INSTITUTO
CREATE TABLE IF NOT EXISTS INSTITUTO (
    ID_INSTITUTO INT AUTO_INCREMENT PRIMARY KEY,
    NOMBRE VARCHAR(100) NOT NULL
);

-- CODIGO
CREATE TABLE IF NOT EXISTS CODIGO (
    ID_CODIGO INT AUTO_INCREMENT PRIMARY KEY,
    TEXTO_CODIGO VARCHAR(100) NOT NULL,
    TIPO_CODIGO VARCHAR(50) NOT NULL
);

-- AUTOR
CREATE TABLE IF NOT EXISTS AUTOR (
    ID_AUTOR INT AUTO_INCREMENT PRIMARY KEY,
    NOMBRE VARCHAR(100) NOT NULL,
    APELLIDO VARCHAR(100) NOT NULL,
    NACIONALIDAD VARCHAR(100)
);

-- LIBRO
CREATE TABLE IF NOT EXISTS LIBRO (
    CODIGO_INTERNACIONAL VARCHAR(13) PRIMARY KEY,
    TITULO VARCHAR(200) NOT NULL,
    ID_EDITORIAL VARCHAR(100),
    ANIO_PUBLICACION YEAR,
    FOREIGN KEY(ID_EDITORIAL) REFERENCES EDITORIAL(ID_EDITORIAL)
);

-- SEDE_BIBLIOTECA
CREATE TABLE IF NOT EXISTS SEDE_BIBLIOTECA (
    ID_SEDE_BIBLIOTECA INT AUTO_INCREMENT PRIMARY KEY,
    ID_BIBLIOTECA INT NOT NULL,
    DIRECCION VARCHAR(200) NOT NULL,
    TELEFONO VARCHAR(15),
    CIUDAD VARCHAR(100) NOT NULL,
    FOREIGN KEY(ID_BIBLIOTECA) REFERENCES BIBLIOTECA(ID_BIBLIOTECA)
);

-- SEDE_INSTITUTO
CREATE TABLE IF NOT EXISTS SEDE_INSTITUTO ( 
    ID_SEDE_INSTITUTO INT AUTO_INCREMENT PRIMARY KEY,
    ID_INSTITUTO INT NOT NULL,
    DIRECCION VARCHAR(200) NOT NULL,
    TELEFONO VARCHAR(15),
    CIUDAD VARCHAR(100) NOT NULL,
    FOREIGN KEY(ID_INSTITUTO) REFERENCES INSTITUTO(ID_INSTITUTO)
);

-- SEDE_BIBLIOTECA_LIBRO
CREATE TABLE IF NOT EXISTS SEDE_BIBLIOTECA_LIBRO (
    ID_SEDE_BIBLIOTECA INT NOT NULL,
    CODIGO_INTERNACIONAL VARCHAR(13) NOT NULL,
    CANTIDAD_COPIAS INT NOT NULL,
    PRIMARY KEY(ID_SEDE_BIBLIOTECA, CODIGO_INTERNACIONAL),
    FOREIGN KEY(ID_SEDE_BIBLIOTECA) REFERENCES SEDE_BIBLIOTECA(ID_SEDE_BIBLIOTECA),
    FOREIGN KEY(CODIGO_INTERNACIONAL) REFERENCES LIBRO(CODIGO_INTERNACIONAL)
);

-- CONVENIO_BIBLIOTECA
CREATE TABLE IF NOT EXISTS CONVENIO_BIBLIOTECA (
    ID_BIBLIOTECA1 INT NOT NULL,
    ID_BIBLIOTECA2 INT NOT NULL,
    FECHA_CONVENIO DATE NOT NULL,
    PRIMARY KEY(ID_BIBLIOTECA1, ID_BIBLIOTECA2),
    FOREIGN KEY(ID_BIBLIOTECA1) REFERENCES BIBLIOTECA(ID_BIBLIOTECA),
    FOREIGN KEY(ID_BIBLIOTECA2) REFERENCES BIBLIOTECA(ID_BIBLIOTECA)
);

-- DESCRIPTOR
CREATE TABLE IF NOT EXISTS DESCRIPTOR (
    ID_DESCRIPTOR INT AUTO_INCREMENT PRIMARY KEY,
    FECHA_CREACION DATE NOT NULL,
    ID_CODIGO INT NOT NULL,
    FOREIGN KEY(ID_CODIGO) REFERENCES CODIGO(ID_CODIGO)
);

-- TERMINO
CREATE TABLE IF NOT EXISTS TERMINO (
    ID_TERMINO INT AUTO_INCREMENT PRIMARY KEY,
    TEXTO_TERMINO VARCHAR(200) NOT NULL,
    ID_DESCRIPTOR INT NOT NULL,
    FOREIGN KEY(ID_DESCRIPTOR) REFERENCES DESCRIPTOR(ID_DESCRIPTOR)
);

-- LIBRO_AUTOR
CREATE TABLE IF NOT EXISTS LIBRO_AUTOR (
    CODIGO_INTERNACIONAL VARCHAR(13) NOT NULL,
    ID_AUTOR INT NOT NULL,
    PRIMARY KEY(CODIGO_INTERNACIONAL, ID_AUTOR),
    FOREIGN KEY(CODIGO_INTERNACIONAL) REFERENCES LIBRO(CODIGO_INTERNACIONAL),
    FOREIGN KEY(ID_AUTOR) REFERENCES AUTOR(ID_AUTOR)
);

-- LIBRO_DESCRIPTOR
CREATE TABLE IF NOT EXISTS LIBRO_DESCRIPTOR (
    CODIGO_INTERNACIONAL VARCHAR(13) NOT NULL,
    ID_DESCRIPTOR INT NOT NULL,
    PRIMARY KEY(CODIGO_INTERNACIONAL, ID_DESCRIPTOR),
    FOREIGN KEY(CODIGO_INTERNACIONAL) REFERENCES LIBRO(CODIGO_INTERNACIONAL),
    FOREIGN KEY(ID_DESCRIPTOR) REFERENCES DESCRIPTOR(ID_DESCRIPTOR)
);

-- BIBLIOTECA_CODIGO
CREATE TABLE IF NOT EXISTS BIBLIOTECA_CODIGO (
    ID_BIBLIOTECA INT NOT NULL,
    ID_CODIGO INT NOT NULL,
    PRIMARY KEY(ID_BIBLIOTECA, ID_CODIGO),
    FOREIGN KEY(ID_BIBLIOTECA) REFERENCES BIBLIOTECA(ID_BIBLIOTECA),
    FOREIGN KEY(ID_CODIGO) REFERENCES CODIGO(ID_CODIGO)
);

-- PRESTAMO
CREATE TABLE IF NOT EXISTS PRESTAMO (
    ID_PRESTAMO INT AUTO_INCREMENT PRIMARY KEY,
    CODIGO_INTERNACIONAL VARCHAR(13) NOT NULL,
    ID_SEDE_BIBLIOTECA INT NOT NULL,
    ID_SEDE_INSTITUTO INT NOT NULL,
    FECHA_PRESTAMO DATE NOT NULL,
    FECHA_DEVOLUCION DATE,
    ESTADO_PRESTAMO VARCHAR(50) NOT NULL,
    CANTIDAD_PRESTADA INT NOT NULL,
    FOREIGN KEY(CODIGO_INTERNACIONAL) REFERENCES LIBRO(CODIGO_INTERNACIONAL),
    FOREIGN KEY(ID_SEDE_BIBLIOTECA) REFERENCES SEDE_BIBLIOTECA(ID_SEDE_BIBLIOTECA),
    FOREIGN KEY(ID_SEDE_INSTITUTO) REFERENCES SEDE_INSTITUTO(ID_SEDE_INSTITUTO)
);






-- ==============================
-- INGRESO DE DATOS
-- ==============================


-- EDITORIAL
INSERT INTO EDITORIAL (ID_EDITORIAL, NOMBRE_EDITORIAL, DIRECCION, TELEFONO, PAIS) VALUES
('ED001', 'Editorial Alpha', 'Calle 1 #10-20', '123456789', 'Colombia'),
('ED002', 'Editorial Beta', 'Carrera 5 #50-30', '987654321', 'Argentina'),
('ED003', 'Editorial Gamma', 'Av. Central 100', '321654987', 'México'),
('ED004', 'Editorial Delta', 'Calle Luna 25', '456789123', 'España'),
('ED005', 'Editorial Epsilon', 'Av. Sol 75', '654321987', 'Chile');

-- BIBLIOTECA
INSERT INTO BIBLIOTECA (NOMBRE) VALUES
('Biblioteca Nacional'),
('Biblioteca Central'),
('Biblioteca Municipal'),
('Biblioteca Universitaria'),
('Biblioteca Infantil');

-- INSTITUTO
INSERT INTO INSTITUTO (NOMBRE) VALUES
('Instituto Tecnológico'),
('Instituto de Ciencias'),
('Instituto Artístico'),
('Instituto de Idiomas'),
('Instituto de Educación Física');

-- CODIGO
INSERT INTO CODIGO (TEXTO_CODIGO, TIPO_CODIGO) VALUES
('C001', 'Tema'),
('C002', 'Materia'),
('C003', 'Autor'),
('C004', 'Género'),
('C005', 'Palabra clave');

-- AUTOR
INSERT INTO AUTOR (NOMBRE, APELLIDO, NACIONALIDAD) VALUES
('Gabriel', 'García Márquez', 'Colombiana'),
('Isabel', 'Allende', 'Chilena'),
('Mario', 'Vargas Llosa', 'Peruana'),
('J.K.', 'Rowling', 'Británica'),
('Haruki', 'Murakami', 'Japonesa');

-- LIBRO
INSERT INTO LIBRO (CODIGO_INTERNACIONAL, TITULO, ID_EDITORIAL, ANIO_PUBLICACION) VALUES
('9781234567890', 'Cien Años de Soledad', 'ED001', 1967),
('9781234567891', 'La Casa de los Espíritus', 'ED002', 1982),
('9781234567892', 'La Ciudad y los Perros', 'ED003', 1963),
('9781234567893', 'Harry Potter y la Piedra Filosofal', 'ED004', 1997),
('9781234567894', 'Kafka en la Orilla', 'ED005', 2002);

-- SEDE_BIBLIOTECA
INSERT INTO SEDE_BIBLIOTECA (ID_BIBLIOTECA, DIRECCION, TELEFONO, CIUDAD) VALUES
(1, 'Calle 10 #20-30', '111222333', 'Bogotá'),
(2, 'Carrera 15 #50-40', '222333444', 'Medellín'),
(3, 'Av. 5 #25-10', '333444555', 'Cali'),
(4, 'Calle 7 #30-20', '444555666', 'Barranquilla'),
(5, 'Carrera 12 #15-50', '555666777', 'Cartagena');

-- SEDE_INSTITUTO
INSERT INTO SEDE_INSTITUTO (ID_INSTITUTO, DIRECCION, TELEFONO, CIUDAD) VALUES
(1, 'Av. Institutos 1', '101010101', 'Bogotá'),
(2, 'Calle Ciencias 5', '202020202', 'Medellín'),
(3, 'Av. Arte 10', '303030303', 'Cali'),
(4, 'Calle Idiomas 7', '404040404', 'Barranquilla'),
(5, 'Av. Deportes 15', '505050505', 'Cartagena');

-- SEDE_BIBLIOTECA_LIBRO
INSERT INTO SEDE_BIBLIOTECA_LIBRO (ID_SEDE_BIBLIOTECA, CODIGO_INTERNACIONAL, CANTIDAD_COPIAS) VALUES
(1, '9781234567890', 3),
(2, '9781234567891', 5),
(3, '9781234567892', 2),
(4, '9781234567893', 4),
(5, '9781234567894', 6);

-- CONVENIO_BIBLIOTECA
INSERT INTO CONVENIO_BIBLIOTECA (ID_BIBLIOTECA1, ID_BIBLIOTECA2, FECHA_CONVENIO) VALUES
(1,2,'2023-01-01'),
(2,3,'2023-02-01'),
(3,4,'2023-03-01'),
(4,5,'2023-04-01'),
(5,1,'2023-05-01');

-- DESCRIPTOR
INSERT INTO DESCRIPTOR (FECHA_CREACION, ID_CODIGO) VALUES
('2023-06-01', 1),
('2023-06-02', 2),
('2023-06-03', 3),
('2023-06-04', 4),
('2023-06-05', 5);

-- TERMINO
INSERT INTO TERMINO (TEXTO_TERMINO, ID_DESCRIPTOR) VALUES
('Realismo mágico', 1),
('Novela histórica', 2),
('Novela policial', 3),
('Fantasía', 4),
('Literatura contemporánea', 5);

-- LIBRO_AUTOR
INSERT INTO LIBRO_AUTOR (CODIGO_INTERNACIONAL, ID_AUTOR) VALUES
('9781234567890', 1),
('9781234567891', 2),
('9781234567892', 3),
('9781234567893', 4),
('9781234567894', 5);

-- LIBRO_DESCRIPTOR
INSERT INTO LIBRO_DESCRIPTOR (CODIGO_INTERNACIONAL, ID_DESCRIPTOR) VALUES
('9781234567890', 1),
('9781234567891', 2),
('9781234567892', 3),
('9781234567893', 4),
('9781234567894', 5);

-- BIBLIOTECA_CODIGO
INSERT INTO BIBLIOTECA_CODIGO (ID_BIBLIOTECA, ID_CODIGO) VALUES
(1,1),
(2,2),
(3,3),
(4,4),
(5,5);

-- PRESTAMO
INSERT INTO PRESTAMO (CODIGO_INTERNACIONAL, ID_SEDE_BIBLIOTECA, ID_SEDE_INSTITUTO, FECHA_PRESTAMO, FECHA_DEVOLUCION, ESTADO_PRESTAMO, CANTIDAD_PRESTADA) VALUES
('9781234567890', 1, 1, '2023-07-01', '2023-07-10', 'Devuelto', 1),
('9781234567891', 2, 2, '2023-07-02', '2023-07-12', 'Prestado', 2),
('9781234567892', 3, 3, '2023-07-03', NULL, 'Prestado', 1),
('9781234567893', 4, 4, '2023-07-04', '2023-07-14', 'Devuelto', 3),
('9781234567894', 5, 5, '2023-07-05', NULL, 'Prestado', 2);



-- ==============================
-- CONSULTAR TODAS LAS TABLAS
-- ==============================


SELECT * FROM EDITORIAL;
SELECT * FROM BIBLIOTECA;
SELECT * FROM INSTITUTO;
SELECT * FROM CODIGO;
SELECT * FROM AUTOR;
SELECT * FROM LIBRO;
SELECT * FROM SEDE_BIBLIOTECA;
SELECT * FROM SEDE_INSTITUTO;
SELECT * FROM SEDE_BIBLIOTECA_LIBRO;
SELECT * FROM DESCRIPTOR;
SELECT * FROM TERMINO;
SELECT * FROM LIBRO_AUTOR;
SELECT * FROM LIBRO_DESCRIPTOR;
SELECT * FROM BIBLIOTECA_CODIGO;
SELECT * FROM PRESTAMO;
